{
  "accuracy": 0.9645,
  "class_0": {
    "precision": 0.9854469854469855,
    "recall": 0.9778236204228984,
    "f1": 0.9816205022003625,
    "support": 1939
  },
  "class_1": {
    "precision": 0.4342105263157895,
    "recall": 0.5409836065573771,
    "f1": 0.48175182481751827,
    "support": 61
  }
}