{
  "accuracy": 0.964,
  "report": {
    "0": {
      "precision": 0.9828660436137072,
      "recall": 0.9798136645962733,
      "f1-score": 0.9813374805598756,
      "support": 1932.0
    },
    "1": {
      "precision": 0.47297297297297297,
      "recall": 0.5147058823529411,
      "f1-score": 0.49295774647887325,
      "support": 68.0
    },
    "accuracy": 0.964,
    "macro avg": {
      "precision": 0.7279195082933401,
      "recall": 0.7472597734746071,
      "f1-score": 0.7371476135193744,
      "support": 2000.0
    },
    "weighted avg": {
      "precision": 0.9655296792119222,
      "recall": 0.964,
      "f1-score": 0.9647325696011215,
      "support": 2000.0
    }
  }
}